"cmid","archiveid","courseid","contextid","coursevisible","cmvisible","courseshortname","coursename","archivename"
"160","52","53","310","1","1","UCKK-AS252","Agitation institutionnelle et mesure de lÔÇÖutilit├® r├®elle","Archive du cours"
"14","3","4","164","1","1","UCKK-TC103","Agitation institutionnelle et mesure de lÔÇÖutilit├® r├®elle","Archive du tronc commun"
"326","110","111","476","1","1","UCKK-IS203","Agitation institutionnelle et utilit├® r├®elle","Archive du cours"
"56","17","18","206","1","1","UCKK-GJS107","Architecture dÔÇÖopportunit├®s","Archive du cours"
"239","80","81","389","1","1","UCKK-ME306","Architecture de la r├®sonance : intuition, motifs et discernement","Archive du cours"
"115","37","38","265","1","1","UCKK-KOA303","Archives vivantes, post-mortems et mise ├á jour du canon","Archive du cours"
"35","10","11","185","1","1","UCKK-TC110","Assembl├®es, d├®lib├®ration et m├®moire collective","Archive du tronc commun"
"178","58","59","328","1","1","UCKK-SP206","Assembl├®es, r├¿gles et d├®cisions collectives","Archive du cours"
"301","101","102","451","1","1","UCKK-IA307","Atelier de conception dÔÇÖoutil IA","Archive du cours"
"277","93","94","427","1","1","UCKK-IA207","Automatisation sans domination","Archive du cours"
"157","51","52","307","1","1","UCKK-AS251","Boucles de r├®troaction clinique et apprentissage institutionnel","Archive du cours"
"320","108","109","470","1","1","UCKK-IS201","Boucles de r├®troaction clinique et apprentissage institutionnel","Archive du cours"
"200","66","67","350","1","1","UCKK-EC202","Capitalisme, extraction et contre-pouvoirs","Archive du s├®minaire"
"259","87","88","409","1","1","UCKK-IA201","Cartographie des id├®es avec lÔÇÖIA","Archive du cours"
"8","1","2","158","1","1","UCKK-TC101","Cartographie des id├®es avec lÔÇÖIA","Archive du tronc commun"
"38","11","12","188","1","1","UCKK-GJS101","Cartographie du Grand Jeu","Archive du cours"
"58","18","19","208","1","1","UCKK-GJS108","Changer les r├¿gles","Archive du s├®minaire"
"218","72","73","368","1","1","UCKK-ECO204","Communaut├®s et r├®silience","Archive du cours"
"215","71","72","365","1","1","UCKK-ECO203","Crises environnementales","Archive du cours"
"32","9","10","182","1","1","UCKK-TC109","D├®fis publics et th├®├ótre responsable","Archive du tronc commun"
"133","43","44","283","1","1","UCKK-KOA309","D├®ploiement local-global : du pilote communautaire au r├®seau f├®d├®r├®","Archive du cours"
"130","42","43","280","1","1","UCKK-KOA308","Design dÔÇÖun ├®cosyst├¿me de syst├¿mes","Archive du cours"
"148","48","49","298","1","1","UCKK-AS204","D├®veloppement doc-first avec IA","Archive du cours"
"265","89","90","415","1","1","UCKK-IA203","D├®veloppement doc-first avec IA","Archive du cours"
"256","86","87","406","1","1","UCKK-IA105","Donn├®es, mod├¿les, biais et hallucinations","Archive du cours"
"195","64","65","345","1","1","UCKK-SP399","Dossier de passage : r├®forme du Grand Jeu politique","Archive du cours"
"304","102","103","454","1","1","UCKK-IA399","Dossier de passage : workflow ou outil dÔÇÖIA gouvernable","Archive du cours"
"224","74","75","374","1","1","UCKK-ECO206","├ëcologie politique","Archive du cours"
"209","69","70","359","1","1","UCKK-ECO201","├ëcologie syst├®mique","Archive du cours"
"151","49","50","301","1","1","UCKK-AS205","├ëcosyst├¿me num├®rique kOA : de la connaissance ├á lÔÇÖaction","Archive du cours"
"206","68","69","356","1","1","UCKK-EC251","├ëducation ouverte, certification et l├®gitimit├® sociale","Archive du cours"
"323","109","110","473","1","1","UCKK-IS202","├ëducation ouverte, certification et l├®gitimit├® sociale","Archive du cours"
"94","30","31","244","1","1","UCKK-KOA207","EkoH : expertise, ├®thique et cr├®dibilit├® situ├®e","Archive du cours"
"221","73","74","371","1","1","UCKK-ECO205","├ënergie, alimentation et infrastructures","Archive du cours"
"47","14","15","197","1","1","UCKK-GJS104","Enqu├¬te inquisitoriale","Archive du cours"
"91","29","30","241","1","1","UCKK-KOA206","ethiKos : d├®lib├®ration structur├®e et d├®cision civique","Archive du cours"
"29","8","9","179","1","1","UCKK-TC108","├ëthique, int├®grit├® et Inquisiteur m├®thodologique","Archive du tronc commun"
"312","105","106","462","1","1","UCKK-LI203","Fiction fondatrice et v├®rit├® morale","Archive du cours"
"232","77","78","382","1","1","UCKK-ME202","Fiction fondatrice, v├®rit├® morale et r├®cits symboliques","Archive du cours"
"331","112","113","481","1","1","UCKK-MV202","Fiction fondatrice, v├®rit├® morale et r├®cits symboliques","Archive du cours"
"20","5","6","170","1","1","UCKK-TC105","Fiction fondatrice, v├®rit├® morale et r├®cits symboliques","Archive du tronc commun"
"244","82","83","394","1","1","UCKK-IA101","Fondements de lÔÇÖintelligence artificielle","Archive du cours"
"189","62","63","339","1","1","UCKK-SP253","Gouvernance des plateformes","Archive du cours"
"236","79","80","386","1","1","UCKK-ME204","Grammaires symboliques : Sephiroth, ¤Ç et architecture kOA","Archive du s├®minaire"
"309","104","105","459","1","1","UCKK-LI202","Grammaires symboliques : Sephiroth, ¤Ç et architecture kOA","Archive du s├®minaire"
"274","92","93","424","1","1","UCKK-IA206","Graphes de connaissance, s├®mantique et IA","Archive du cours"
"172","56","57","322","1","1","UCKK-SP204","Guerre, gouvernance et diplomatie dÔÇÖex├®cution","Archive du cours"
"315","106","107","465","1","1","UCKK-LI204","Histoire des r├®seaux de connaissance : parole, ├®criture, web et s├®mantique","Archive du cours"
"73","23","24","223","1","1","UCKK-KOA105","IA comme outil dÔÇÖanalyse, jamais comme autorit├® finale","Archive du cours"
"289","97","98","439","1","1","UCKK-IA303","IA dans le kOA Digital Ecosystem","Archive du cours"
"283","95","96","433","1","1","UCKK-IA301","IA et gouvernance des d├®cisions","Archive du cours"
"295","99","100","445","1","1","UCKK-IA305","IA et m├®dias vivants","Archive du cours"
"247","83","84","397","1","1","UCKK-IA102","IA et soci├®t├®","Archive du cours"
"203","67","68","353","1","1","UCKK-EC203","IA, erreurs, emploi et moyens de production","Archive du cours"
"262","88","89","412","1","1","UCKK-IA202","IA, erreurs, emploi et moyens de production","Archive du cours"
"286","96","97","436","1","1","UCKK-IA302","IA, Smart Vote, EkoH et lectures multiples","Archive du cours"
"298","100","101","448","1","1","UCKK-IA306","IA, traduction et souverainet├® s├®mantique","Archive du cours"
"124","40","41","274","1","1","UCKK-KOA306","Infrastructure distribu├®e et Kristal Farms","Archive du cours"
"175","57","58","325","1","1","UCKK-SP205","Institutions politiques et Grand Jeu social","Archive du cours"
"50","15","16","200","1","1","UCKK-GJS105","Intelligence collective et assembl├®es","Archive du cours"
"169","55","56","319","1","1","UCKK-SP203","Intelligence collective, expertise situ├®e et d├®cision l├®gitime","Archive du cours"
"11","2","3","161","1","1","UCKK-TC102","Intelligence collective, expertise situ├®e et d├®cision l├®gitime","Archive du tronc commun"
"26","7","8","176","1","1","UCKK-TC107","Introduction ├á kOA : connaissance, d├®cision, action, m├®moire","Archive du tronc commun"
"61","19","20","211","1","1","UCKK-KOA101","Introduction ├á lÔÇÖ├®cosyst├¿me digital kOA","Archive du cours"
"88","28","29","238","1","1","UCKK-KOA205","Konnaxion : espace public de contribution et collaboration","Archive du cours"
"76","24","25","226","1","1","UCKK-KOA201","Kristals : connaissance v├®rifiable et artefacts s├®mantiques","Archive du cours"
"142","46","47","292","1","1","UCKK-AS202","Kristals : connaissance v├®rifiable et artefacts s├®mantiques","Archive du cours"
"307","103","104","457","1","1","UCKK-LI201","Kristals : connaissance v├®rifiable et artefacts s├®mantiques","Archive du cours"
"271","91","92","421","1","1","UCKK-IA205","Kristals et connaissance v├®rifiable","Archive du cours"
"183","60","61","333","1","1","UCKK-SP251","Le Bouffon, le Roi et la critique symbolique du pouvoir","Archive du s├®minaire"
"234","78","79","384","1","1","UCKK-ME203","Le Bouffon, le Roi et la critique symbolique du pouvoir","Archive du s├®minaire"
"328","111","112","478","1","1","UCKK-MV201","Le Bouffon, le Roi et la critique symbolique du pouvoir","Archive du s├®minaire"
"317","107","108","467","1","1","UCKK-LI305","Logos, donn├®es s├®mantiques et architecture du sens","Archive du s├®minaire"
"339","115","116","491","0","1","UCKK-MEDIA-CENTRALE","M├®diath├¿que centrale UCKK","Registraire ÔÇö M├®diath├¿que centrale"
"109","35","36","259","1","1","UCKK-KOA301","M├®moire institutionnelle et apprentissage r├®utilisable","Archive du cours"
"229","76","77","379","1","1","UCKK-ME201","M├®taphysique comme science future","Archive du s├®minaire"
"127","41","42","277","1","1","UCKK-KOA307","Mimic vs Annex : int├®gration sans contamination","Archive du cours"
"186","61","62","336","1","1","UCKK-SP252","Mobilisation multi-corridor et coop├®ration pratique","Archive du cours"
"334","113","114","484","1","1","UCKK-MV203","Mobilisation multi-corridor et coop├®ration pratique","Archive du cours"
"23","6","7","173","1","1","UCKK-TC106","Mobilisation multi-corridor et coop├®ration pratique","Archive du tronc commun"
"192","63","64","342","1","1","UCKK-SP254","Non-domination, transparence et vie priv├®e","Archive du cours"
"100","32","33","250","1","1","UCKK-KOA209","Orgo : t├óches, cases, responsabilit├®s et ex├®cution gouvern├®e","Archive du cours"
"253","85","86","403","1","1","UCKK-IA104","Pens├®e critique face aux sorties g├®n├®r├®es","Archive du cours"
"44","13","14","194","1","1","UCKK-GJS103","Performance strat├®gique","Archive du cours"
"67","21","22","217","1","1","UCKK-KOA103","Plateformes, r├┤les, permissions et gouvernance","Archive du cours"
"163","53","54","313","1","1","UCKK-SP201","Pouvoirs diffus : ├ëtat, m├®dias, r├®seaux, code et religion","Archive du cours"
"136","44","45","286","1","1","UCKK-KOA399","Projet int├®grateur : d├®ployer un mini-├®cosyst├¿me kOA","Archive du cours"
"250","84","85","400","1","1","UCKK-IA103","Prompting, contraintes et points dÔÇÖancrage","Archive du cours"
"227","75","76","377","1","1","UCKK-ECO207","Prototypes de transition","Archive du cours"
"85","27","28","235","1","1","UCKK-KOA204","Provenance, preuve, contexte et tra├ºabilit├®","Archive du cours"
"181","59","60","331","1","1","UCKK-SP207","R├®forme des r├¿gles du jeu","Archive du cours"
"139","45","46","289","1","1","UCKK-AS201","R├®silience et efficacit├® des syst├¿mes sociotechniques","Archive du cours"
"118","38","39","268","1","1","UCKK-KOA304","R├®silience hors ligne, fail-closed integrity et souverainet├® num├®rique","Archive du cours"
"41","12","13","191","1","1","UCKK-GJS102","Rouages de la soci├®t├®","Archive du cours"
"112","36","37","262","1","1","UCKK-KOA302","Runtime Packs, Kristal Exchange et distribution hors ligne","Archive du cours"
"121","39","40","271","1","1","UCKK-KOA305","S├®curit├®, auditabilit├® et non-domination","Archive du cours"
"292","98","99","442","1","1","UCKK-IA304","S├®curit├®, vie priv├®e et non-domination algorithmique","Archive du cours"
"79","25","26","229","1","1","UCKK-KOA202","SemantiK Architect : architecture du sens","Archive du cours"
"70","22","23","220","1","1","UCKK-KOA104","S├®mantique, graphes de connaissance et sens structur├®","Archive du cours"
"82","26","27","232","1","1","UCKK-KOA203","SenTient : ambigu├»t├®, propositions incertaines et validation","Archive du cours"
"97","31","32","247","1","1","UCKK-KOA208","Smart Vote : lectures brutes, pond├®r├®es et comparables","Archive du cours"
"166","54","55","316","1","1","UCKK-SP202","SmartVote, EkoH et gouvernance pond├®r├®e","Archive du cours"
"198","65","66","348","1","1","UCKK-EC201","Soci├®t├® des flux : argent, information et pouvoir","Archive du cours"
"17","4","5","167","1","1","UCKK-TC104","Soci├®t├® des flux : argent, information et pouvoir","Archive du tronc commun"
"106","34","35","256","1","1","UCKK-KOA211","SwarmCraft : coordination distribu├®e humains-agents-outils","Archive du cours"
"154","50","51","304","1","1","UCKK-AS206","Syst├¿mes dÔÇÖexploitation sociotechniques","Archive du cours"
"145","47","48","295","1","1","UCKK-AS203","Syst├¿mes d├®terministes et IA g├®n├®rative","Archive du cours"
"268","90","91","418","1","1","UCKK-IA204","Syst├¿mes d├®terministes et IA g├®n├®rative","Archive du cours"
"64","20","21","214","1","1","UCKK-KOA102","Syst├¿mes sociotechniques et Grand Jeu num├®rique","Archive du cours"
"212","70","71","362","1","1","UCKK-ECO202","Territoires et ressources","Archive du cours"
"280","94","95","430","1","1","UCKK-IA208","Tests, logs, validation et audit de sorties IA","Archive du cours"
"53","16","17","203","1","1","UCKK-GJS106","Th├®├ótre public et m├®dias vivants","Archive du cours"
"337","114","115","487","1","1","UCKK-MV204","Th├®├ótre public, satire et responsabilit├®","Archive du cours"
"241","81","82","391","1","1","UCKK-ME307","Th├®orie de ¤Ç : herm├®neutique math├®matique et cosmogonie symbolique","Archive du s├®minaire"
"103","33","34","253","1","1","UCKK-KOA210","Workflows, gates, escalades et cl├┤ture","Archive du cours"
